Name,Notes
tttyrty,tesdt
NewTestCheckList,Just testing.
Class 7 and 8 Tractor,Notes for Testing.
CheckList94385,CheckList9438598291
CheckList88004,CheckList8800482519
CheckList71274,CheckList7127410064
CheckList59172,CheckList5917269615
CheckList53816,CheckList5381682273
CheckList50110,CheckList5011082107
CheckList24407,CheckList2440784875
CheckList12237,CheckList1223733479
campaign85599,campaign8559967333
campaign84597,campaign8459719859
campaign84457,campaign8445774111
campaign82199,campaign8219978531
campaign75519,campaign7551924364
campaign62830,campaign6283095550
campaign51052,campaign5105254383
campaign50584,campaign5058457666
campaign46518,campaign4651850779
campaign36248,campaign3624865584
campaign20942,campaign2094241513
A-PM Class 7&8,
