email,password
37BuildingProducts@test.dossierondemand.com,Dossier$
CainTrucking@test.dossierondemand.com,Dossier$
CurtisLumber@test.dossierondemand.com,Dossier$
EagleRiver@test.dossierondemand.com,Dossier$
Endurance@test.dossierondemand.com,Dossier$
HiGrade@test.dossierondemand.com,Dossier$
Interstate@test.dossierondemand.com,Dossier$
IVWaste@test.dossierondemand.com,Dossier$
Lakeshore@test.dossierondemand.com,Dossier$
LeckWaste@test.dossierondemand.com,Dossier$
LiveOak@test.dossierondemand.com,Dossier$
Maume@test.dossierondemand.com,Dossier$
Menke@test.dossierondemand.com,Dossier$
MeridianWaste@test.dossierondemand.com,Dossier$
Miles@test.dossierondemand.com,Dossier$
MountainStateWaste@test.dossierondemand.com,Dossier$
MtHood@test.dossierondemand.com,Dossier$
Nitti@test.dossierondemand.com,Dossier$
NorthwestFleets@test.dossierondemand.com,Dossier$
Priority@test.dossierondemand.com,Dossier$
Producers@test.dossierondemand.com,Dossier$
StellaEnvironmental@test.dossierondemand.com,Dossier$
SWACO@test.dossierondemand.com,Dossier$
VirginiaTransportation@test.dossierondemand.com,Dossier$
XpressGlobal@test.dossierondemand.com,Dossier$
